Sym,Name,1/2/2009 (Open),Last,Change,Percent,High,Low,Volume,Time,,
A,Agilent Technologies,15.6,45.48,1.06,2.39%,45.55,44.86,1838100,"Friday, July 8, 2016",,191.54%
AA,Alcoa Inc,11.36,9.82,0.48,5.14%,9.88,9.44,25923500,"Friday, July 8, 2016",,-13.56%
AAL,American Airlines Gp,7.73,30.04,0.64,2.18%,30.28,29.7,13659101,"Friday, July 8, 2016",,288.62%
AAP,Advance Auto Parts Inc,33.86,164.85,3.72,2.31%,165.26,161.68,911100,"Friday, July 8, 2016",,386.86%
AAPL,Apple Inc,85.88,96.68,0.74,0.77%,96.89,96.05,28910500,"Friday, July 8, 2016",,12.58%
ABBV,Abbvie Inc Common Stock,,64.16,0.73,1.15%,64.48,62.74,7921700,"Friday, July 8, 2016",,#DIV/0!
ABC,Amerisourcebergen Corp,36,81.92,0.93,1.15%,82.08,81.25,1597400,"Friday, July 8, 2016",,127.56%
ABT,Abbott Laboratories,53.53,41.89,0.53,1.28%,42.27,41.56,11071700,"Friday, July 8, 2016",,-21.74%
ACN,Accenture Plc,32.54,115.11,2.41,2.14%,115.24,113.17,1962800,"Friday, July 8, 2016",,253.75%
ADBE,Adobe Systems Inc,21.11,96.79,1.65,1.73%,96.86,95.34,2023800,"Friday, July 8, 2016",,358.50%
ADI,Analog Devices Cmn,19,57.74,1.79,3.20%,57.79,56.43,2287000,"Friday, July 8, 2016",,203.89%
ADM,Archer Daniels Midland Company,28.93,43.48,1.36,3.23%,43.51,42.51,3348200,"Friday, July 8, 2016",,50.29%
ADP,Automatic Data Procs,39.62,94.47,0.97,1.04%,94.59,93.64,2148100,"Friday, July 8, 2016",,138.44%
ADS,Alliance Data Systems Corp,46.38,200.96,3.73,1.89%,203.13,198.83,882500,"Friday, July 8, 2016",,333.29%
ADSK,Autodesk Inc,19.55,55.14,1.61,3.01%,55.28,53.73,1285500,"Friday, July 8, 2016",,182.05%
AEE,Ameren Corp,33.34,53.15,0.5,0.95%,53.18,51.98,1782700,"Friday, July 8, 2016",,59.42%
AEP,American Electric Power Company,33.49,70.71,0.43,0.61%,70.81,69.45,2690500,"Friday, July 8, 2016",,111.14%
AES,The Aes Corp,8.24,12.32,0.22,1.82%,12.32,12.03,4182400,"Friday, July 8, 2016",,49.51%
AET,Aetna Inc,28.59,117,1.53,1.33%,117.21,112.18,6427400,"Friday, July 8, 2016",,309.23%
AFL,Aflac Incorporated,46.35,72.49,1.07,1.50%,72.76,71.91,1725800,"Friday, July 8, 2016",,56.40%
AGN,Allergan Plc,26.68,240.59,2.58,1.08%,241.39,237.09,2198700,"Friday, July 8, 2016",,801.76%
AIG,American International Group,1.57,53.01,1.19,2.30%,53.07,52.39,6558600,"Friday, July 8, 2016",,3276.43%
AIV,Apartment Investment and Management,11.97,45.54,0.65,1.45%,45.67,44.96,777000,"Friday, July 8, 2016",,280.45%
AIZ,Assurant Inc,30,86.43,2.01,2.38%,86.53,85.32,424900,"Friday, July 8, 2016",,188.10%
AJG,Arthur J. Gallagher & Co,25.97,48.7,0.7,1.46%,48.76,48.15,1137400,"Friday, July 8, 2016",,87.52%
AKAM,Akamai Technologies,15.4,56.38,1.44,2.62%,56.64,54.86,1919100,"Friday, July 8, 2016",,266.10%
ALB,Albemarle Corp,22.24,83.58,2.26,2.78%,83.99,81.99,1268400,"Friday, July 8, 2016",,275.81%
ALK,Alaska Air Group,29.26,59.86,0.39,0.66%,60.54,59.72,2276400,"Friday, July 8, 2016",,104.58%
ALL,Allstate Corp,32.76,69.66,0.72,1.04%,69.69,69.06,1675500,"Friday, July 8, 2016",,112.64%
ALLE,Allegion Plc Ordinary Shares Wh,,69.74,1.1,1.60%,69.95,69.02,386300,"Friday, July 8, 2016",,#DIV/0!
ALXN,Alexion Pharm Inc,35.41,124.42,1.08,0.88%,125.11,123.29,2447600,"Friday, July 8, 2016",,251.37%
AMAT,Applied Materials,10.12,24.93,0.64,2.63%,24.97,24.43,14148100,"Friday, July 8, 2016",,146.34%
AME,Amtek Inc,30.25,45.84,0.48,1.06%,46,45.67,1439700,"Friday, July 8, 2016",,51.54%
AMG,Affiliated Managers Group,42,138.85,4.49,3.34%,139.13,136.73,922500,"Friday, July 8, 2016",,230.60%
AMGN,Amgen,58.59,161.1,4.51,2.88%,161.11,156.2,3741500,"Friday, July 8, 2016",,174.96%
AMP,Ameriprise Financial Services,23.4,90.84,2.76,3.13%,91.26,89.78,998700,"Friday, July 8, 2016",,288.21%
AMT,American Tower Corp,29.96,113.66,1.46,1.30%,113.75,112.33,1927200,"Friday, July 8, 2016",,279.37%
AMZN,Amazon.Com Inc,51.35,745.81,9.24,1.25%,746.1,738,3428800,"Friday, July 8, 2016",,1352.41%
AN,Autonation Inc,9.88,50.77,2.05,4.21%,51,49.33,1299300,"Friday, July 8, 2016",,413.87%
ANTM,Anthem Inc,42.25,132.15,2.71,2.09%,132.87,128.74,1721600,"Friday, July 8, 2016",,212.78%
AON,AON Plc,46.19,109.57,0.62,0.57%,109.76,109.12,832100,"Friday, July 8, 2016",,137.22%
APA,Apache Corp,74.84,55.17,0.27,0.49%,55.99,54.68,2592200,"Friday, July 8, 2016",,-26.28%
APC,Anadarko Petroleum Corp,38.75,55.91,0.69,1.25%,56.85,55.47,4035300,"Friday, July 8, 2016",,44.28%
APD,Air Products and Chemicals,50.31,144.35,4.68,3.35%,144.72,140.4,1462000,"Friday, July 8, 2016",,186.92%
APH,Amphenol Corp,24.02,57.36,1.25,2.23%,57.55,56.68,1395400,"Friday, July 8, 2016",,138.80%
ATVI,Activision Blizzard,8.78,41.29,0.9,2.23%,41.32,40.42,6617300,"Friday, July 8, 2016",,370.27%
AVB,Avalonbay Communities,61.06,184.94,4.09,2.26%,185.17,181.52,1098100,"Friday, July 8, 2016",,202.88%
AVGO,Broadcom Ltd,,155.14,4.15,2.75%,155.25,151.93,2674000,"Friday, July 8, 2016",,#DIV/0!
AVY,Avery Dennison Corp,33.37,73.3,1.13,1.57%,73.36,72.47,520700,"Friday, July 8, 2016",,119.66%
AWK,American Water Works,21.13,83.36,0.78,0.94%,83.39,81.5,1724400,"Friday, July 8, 2016",,294.51%
AXP,American Express Company,18.57,61.49,1.68,2.81%,61.6,60.55,5768100,"Friday, July 8, 2016",,231.13%
AYI,Acuity Brands Inc,35.36,264.62,10.99,4.33%,265.1,255.14,528600,"Friday, July 8, 2016",,648.36%
AZO,Autozone,138.94,815.02,15.36,1.92%,815.45,801.85,217300,"Friday, July 8, 2016",,486.60%
BA,Boeing Company,42.8,130.09,2.92,2.30%,130.46,127.66,3597800,"Friday, July 8, 2016",,203.95%
BAC,Bank of America Corp,13.92,13.17,0.16,1.23%,13.32,13.11,92676492,"Friday, July 8, 2016",,-5.39%
BAX,Baxter International Inc,53.83,46.65,0.53,1.15%,46.67,46.17,3256700,"Friday, July 8, 2016",,-13.34%
BBBY,Bed Bath & Beyond,25.09,44.46,1.07,2.47%,44.57,43.48,1849700,"Friday, July 8, 2016",,77.20%
BBT,BB&T Corp,27.39,35.22,0.45,1.29%,35.59,35.14,3648600,"Friday, July 8, 2016",,28.59%
BBY,Best Buy Co,27.96,30.95,0.35,1.14%,31.21,30.7,3696400,"Friday, July 8, 2016",,10.69%
BCR,C.R. Bard,84.5,239,1.2,0.50%,239.34,236.43,505800,"Friday, July 8, 2016",,182.84%
BDX,Becton Dickinson and Company,68.59,175.64,2.47,1.43%,176.24,172.9,891800,"Friday, July 8, 2016",,156.07%
BEN,Franklin Resources,63.86,33.98,1.38,4.23%,34.01,32.94,3337300,"Friday, July 8, 2016",,-46.79%
BF.B,Brown Forman Inc B,,98.27,1.18,1.22%,98.31,96.98,473600,"Friday, July 8, 2016",,#DIV/0!
BHI,Baker Hughes Inc,32.18,43.69,0.15,0.34%,44.69,43.17,3525200,"Friday, July 8, 2016",,35.77%
BIIB,Biogen Inc Cmn,47.49,251.3,4.03,1.63%,251.78,246.11,1296400,"Friday, July 8, 2016",,429.16%
BK,Bank of New York Mellon Corp,28.35,38.49,0.73,1.93%,38.54,38.11,4742800,"Friday, July 8, 2016",,35.77%
BLK,Blackrock,133,345.2,10.09,3.01%,345.39,339.04,533800,"Friday, July 8, 2016",,159.55%
BLL,Ball Corp,42.24,71.62,0.8,1.13%,71.99,71.15,2455400,"Friday, July 8, 2016",,69.55%
BMY,Bristol-Myers Squibb Company,23.25,75.28,1.2,1.62%,75.72,74,5428100,"Friday, July 8, 2016",,223.78%
BRK.B,Berkshire Hath Hld B,,143.65,1.74,1.23%,143.74,142.72,3718100,"Friday, July 8, 2016",,#DIV/0!
BSX,Boston Scientific Corp,7.72,23.9,0.24,1.01%,23.97,23.66,6861100,"Friday, July 8, 2016",,209.59%
BWA,Borgwarner Inc,21.84,30.57,1.15,3.91%,30.82,29.62,3243800,"Friday, July 8, 2016",,39.97%
BXP,Boston Properties,55.3,133.32,3.29,2.53%,133.61,130.66,658000,"Friday, July 8, 2016",,141.08%
C,Citigroup Inc,6.87,41.98,0.69,1.67%,42.27,41.63,29468600,"Friday, July 8, 2016",,511.06%
CA,CA Inc,17.87,33.77,0.64,1.93%,33.8,33.16,2283900,"Friday, July 8, 2016",,88.98%
CAG,Conagra Foods,16.54,48.3,0.57,1.19%,48.35,47.88,3065600,"Friday, July 8, 2016",,192.02%
CAH,Cardinal Health,34.93,80.38,0.94,1.18%,80.44,79.34,2900400,"Friday, July 8, 2016",,130.12%
CAT,Caterpillar Inc,44.91,77.37,2.32,3.09%,77.43,75.78,5490600,"Friday, July 8, 2016",,72.28%
CB,Chubb Limited,53.2,130.24,1.61,1.25%,130.36,128.89,1112500,"Friday, July 8, 2016",,144.81%
CBG,CBRE Group Inc,4.43,26.2,1.58,6.42%,26.28,25.04,6080300,"Friday, July 8, 2016",,491.42%
CBS,CBS Corp,8.19,57.08,0.97,1.73%,57.11,56.25,3434500,"Friday, July 8, 2016",,596.95%
CCI,Crown Castle International Corp,17.47,102.2,0.69,0.68%,102.39,101.15,2450600,"Friday, July 8, 2016",,485.00%
CCL,Carnival Corp,24.18,44.52,0.7,1.60%,44.97,44.43,4181700,"Friday, July 8, 2016",,84.12%
CELG,Celgene Corp,54.94,105.03,0.62,0.59%,105.67,103.33,3369900,"Friday, July 8, 2016",,91.17%
CERN,Cerner Corp,38.58,60.62,1.01,1.69%,60.79,59.54,2362800,"Friday, July 8, 2016",,57.13%
CF,Cf Industries Holdings,49.38,24.86,1.36,5.79%,24.97,23.85,3839000,"Friday, July 8, 2016",,-49.66%
CFG,Citizens Financial Group Inc/Ri,,19.85,0.43,2.21%,20.01,19.52,8867101,"Friday, July 8, 2016",,#DIV/0!
CHD,Church & Dwight Company,56.15,101.3,0.64,0.64%,101.41,100.31,971800,"Friday, July 8, 2016",,80.41%
CHK,Chesapeake Energy Corp,16.24,4.24,0.01,0.24%,4.37,4.19,25547699,"Friday, July 8, 2016",,-73.89%
CHRW,C.H. Robinson Ww,55.25,74.43,1.07,1.46%,74.62,73.53,2164300,"Friday, July 8, 2016",,34.71%
CI,Cigna Corp,16.91,129.6,2.6,2.05%,129.9,126.4,2226300,"Friday, July 8, 2016",,666.41%
CINF,Cincinnati Financial,29.11,75.7,0.73,0.97%,75.77,75.02,565200,"Friday, July 8, 2016",,160.05%
CL,Colgate-Palmolive Company,68.47,74.25,0.85,1.16%,74.27,73.42,2921100,"Friday, July 8, 2016",,8.44%
CLX,Clorox Company,55.9,138.37,0.85,0.62%,138.46,137,991700,"Friday, July 8, 2016",,147.53%
CMA,Comerica Inc,20.49,41.5,1,2.47%,41.98,41.04,1864300,"Friday, July 8, 2016",,102.54%
CMCSA,Comcast Corp A,16.72,67.11,0.85,1.28%,67.18,66.3,13959200,"Friday, July 8, 2016",,301.38%
CME,CME Group Inc,204.5,98.9,0.75,0.76%,99.71,98.41,1469800,"Friday, July 8, 2016",,-51.64%
CMG,Chipotle Mexican Grill,61.89,399.71,8.93,2.29%,404.09,392.1,1070800,"Friday, July 8, 2016",,545.84%
CMI,Cummins Inc,26.82,114.7,3.44,3.09%,114.85,111.76,1069500,"Friday, July 8, 2016",,327.67%
CMS,Cms Energy Corp,10.18,45.51,0.25,0.55%,45.54,44.75,3010700,"Friday, July 8, 2016",,347.05%
CNC,Centene Corp,19.62,70.93,1.93,2.80%,71,69.16,1179900,"Friday, July 8, 2016",,261.52%
CNP,Centerpoint Energy Inc,12.76,23.9,0.38,1.62%,23.91,23.43,4040900,"Friday, July 8, 2016",,87.30%
COF,Capital One Financial Corp,31.8,64.71,2.82,4.56%,64.94,63.13,4948900,"Friday, July 8, 2016",,103.49%
COG,Cabot Oil & Gas Corp,26.32,25.44,0.02,0.08%,25.9,25.07,4312600,"Friday, July 8, 2016",,-3.34%
COH,Coach Inc,20.84,41.56,0.99,2.44%,41.68,40.73,4975100,"Friday, July 8, 2016",,99.42%
COL,Rockwell Collins,39.25,84.1,1.37,1.66%,84.53,83.33,935900,"Friday, July 8, 2016",,114.27%
COP,Conocophillips,51.98,42.3,0.79,1.90%,42.43,41.61,10801899,"Friday, July 8, 2016",,-18.62%
COST,Costco Wholesale,52.44,165.44,1.74,1.06%,166.1,164.49,3932000,"Friday, July 8, 2016",,215.48%
CPB,Campbell Soup Company,30.18,67.1,0.27,0.40%,67.12,66.01,1489400,"Friday, July 8, 2016",,122.33%
CRM,Salesforce.Com Inc,32.1,80.89,2.13,2.70%,81.1,79.3,3558900,"Friday, July 8, 2016",,151.99%
CSCO,Cisco Systems Inc,16.41,29.26,0.52,1.81%,29.28,28.88,24647301,"Friday, July 8, 2016",,78.31%
CSRA,Csra Inc. Common Stock When Iss,,24.01,0.24,1.01%,24.07,23.68,930100,"Friday, July 8, 2016",,#DIV/0!
CSX,CSX Corporation,32.57,26.53,0.65,2.51%,26.7,26.07,9883700,"Friday, July 8, 2016",,-18.54%
CTAS,Cintas Corp,23.23,99.63,0.87,0.88%,99.78,99.12,834700,"Friday, July 8, 2016",,328.89%
CTL,Centurylink,27.3,30.22,0.84,2.86%,30.23,29.47,5100800,"Friday, July 8, 2016",,10.70%
CTSH,Cognizant Tech Sol,17.78,57.93,1.09,1.92%,58.16,57.11,3658200,"Friday, July 8, 2016",,225.82%
CTXS,Citrix Systems Inc,23.57,83.54,2.85,3.53%,83.81,80.94,1730000,"Friday, July 8, 2016",,254.43%
CVS,CVS Corp,28.81,96.74,1.24,1.30%,96.82,95.59,3722600,"Friday, July 8, 2016",,235.79%
CVX,Chevron Corp,74.23,104.77,1.72,1.67%,104.97,103,9043600,"Friday, July 8, 2016",,41.14%
CXO,Concho Resources Inc,22.87,118.39,2.56,2.21%,119.12,115.58,1245500,"Friday, July 8, 2016",,417.67%
D,Dominion Resources,35.93,78.19,0.72,0.93%,78.2,76.54,2259100,"Friday, July 8, 2016",,117.62%
DAL,Delta Air Lines Inc,11.31,37.37,1,2.75%,37.75,36.86,12620899,"Friday, July 8, 2016",,230.42%
DD,E.I. Du Pont De Nemours and Company,25.42,63.69,1.77,2.86%,64.09,61.79,6361100,"Friday, July 8, 2016",,150.55%
DE,Deere & Company,38.74,80.97,1.6,2.02%,81.09,80,1974900,"Friday, July 8, 2016",,109.01%
DFS,Discover Financial Services,9.69,54.98,1.76,3.31%,55.09,54.04,3003000,"Friday, July 8, 2016",,467.39%
DG,Dollar General Corp,,94.32,0.54,0.58%,94.48,93.67,1660400,"Friday, July 8, 2016",,#DIV/0!
DGX,Quest Diagnostics Inc,52.47,82.23,1,1.23%,82.42,81.4,1516600,"Friday, July 8, 2016",,56.72%
DHI,D.R. Horton,7.1,33.82,0.99,3.02%,33.97,33.11,4711900,"Friday, July 8, 2016",,376.34%
DHR,Danaher Corp,56.56,80.86,0.16,0.20%,81.28,80.49,5096200,"Friday, July 8, 2016",,42.96%
DIS,Walt Disney Company,22.76,99.62,1.21,1.23%,99.85,98.77,6045600,"Friday, July 8, 2016",,337.70%
DISCA,Discovery Comm A,14.13,25.62,0.21,0.83%,25.81,25.48,3462100,"Friday, July 8, 2016",,81.32%
DISCK,Discovery Comm Inc,13.27,24.44,0.21,0.87%,24.63,24.29,1878200,"Friday, July 8, 2016",,84.17%
DLPH,Delphi Automotive Plc,,64.85,2.16,3.45%,65.13,63.56,2436600,"Friday, July 8, 2016",,#DIV/0!
DLR,Digital Realty Trust,33.19,110.24,1.2,1.10%,110.75,109.42,1358900,"Friday, July 8, 2016",,232.15%
DLTR,Dollar Tree Inc,41.9,95.08,0.45,0.48%,96,94.75,2078900,"Friday, July 8, 2016",,126.92%
DNB,Dun & Bradstreet Corp,77.4,123.82,0.72,0.58%,125.39,123.65,247400,"Friday, July 8, 2016",,59.97%
DO,Diamond Offshore Drilling,60.2,24.5,0.48,2.00%,24.91,24.16,1486200,"Friday, July 8, 2016",,-59.30%
DOV,Dover Corp,33,70.34,1.61,2.34%,70.47,69.5,1850600,"Friday, July 8, 2016",,113.15%
DOW,Dow Chemical Company,15.18,49.4,1.2,2.49%,49.61,48.08,9438800,"Friday, July 8, 2016",,225.43%
DPS,Dr Pepper Snapple Group Inc,16.34,97.13,0.12,0.12%,97.43,96.52,822400,"Friday, July 8, 2016",,494.43%
DRI,Darden Restaurants,28.49,62.03,-0.04,-0.06%,62.69,61.85,2176900,"Friday, July 8, 2016",,117.73%
DTE,Dte Energy Company,36.13,99.14,0.95,0.97%,99.17,97.02,841800,"Friday, July 8, 2016",,174.40%
DUK,Duke Energy Corp,15.05,86.01,0.72,0.84%,86.06,84.22,2809900,"Friday, July 8, 2016",,471.50%
DVA,Davita Healthcare Partners Inc,49.7,78.07,1.15,1.50%,78.21,77.27,743800,"Friday, July 8, 2016",,57.08%
DVN,Devon Energy Corp,65.94,37.58,0.77,2.09%,37.91,36.64,5699700,"Friday, July 8, 2016",,-43.01%
EA,Electronic Arts Inc,16.05,78.26,1.64,2.14%,78.5,77.01,3263100,"Friday, July 8, 2016",,387.60%
EBAY,Ebay Inc,14.03,24.61,0.68,2.84%,24.66,23.95,7480300,"Friday, July 8, 2016",,75.41%
ECL,Ecolab Inc,35.7,119.2,1.61,1.37%,119.62,118.4,1384900,"Friday, July 8, 2016",,233.89%
ED,Consolidated Edison Company of New York,39,80.38,0.39,0.49%,80.42,79.05,2334500,"Friday, July 8, 2016",,106.10%
EFX,Equifax Inc,27.03,132.24,1.83,1.40%,132.67,130.81,744000,"Friday, July 8, 2016",,389.23%
EIX,Edison International,32.03,78.17,1.13,1.47%,78.21,76.04,2351300,"Friday, July 8, 2016",,144.05%
EL,Estee Lauder Companies,31.51,93.01,1.46,1.59%,93.17,91.83,1283000,"Friday, July 8, 2016",,195.18%
EMC,EMC Corp,10.34,27.51,0.18,0.66%,27.56,27.34,17175500,"Friday, July 8, 2016",,166.05%
EMN,Eastman Chemical Company,31.84,68.52,1.53,2.28%,69.95,67.77,1334600,"Friday, July 8, 2016",,115.20%
EMR,Emerson Electric Company,36.72,53.44,1.07,2.04%,53.5,52.77,3703800,"Friday, July 8, 2016",,45.53%
ENDP,Endo Int'l Plc,25.94,17.42,0.14,0.81%,17.58,16.9,5668600,"Friday, July 8, 2016",,-32.85%
EOG,Eog Resources,67.94,82.54,0.93,1.14%,83.07,81.57,1980100,"Friday, July 8, 2016",,21.49%
EQIX,Equinix Inc,53.62,389.45,6.77,1.77%,390.5,384.21,400000,"Friday, July 8, 2016",,626.31%
EQR,Equity Residential,29.87,70.5,1.2,1.73%,70.52,69.46,2416300,"Friday, July 8, 2016",,136.02%
EQT,Eqt Corp,33.38,77.68,0.85,1.11%,78.25,76.76,1450400,"Friday, July 8, 2016",,132.71%
ES,Eversource Energy,24.1,59.57,0.22,0.37%,59.6,58.48,2079300,"Friday, July 8, 2016",,147.18%
ESRX,Express Scripts,54.56,77.92,1.37,1.79%,78.23,76.59,3071000,"Friday, July 8, 2016",,42.82%
ESS,Essex Property Trust,77.77,231.33,2.57,1.12%,232.57,229.11,353100,"Friday, July 8, 2016",,197.45%
ETFC,E*Trade Finl Corp,1.15,23.59,0.54,2.34%,23.74,23.16,3257200,"Friday, July 8, 2016",,1951.30%
ETN,Eaton Corp,49.7,61.92,1.81,3.01%,62,60.52,2001800,"Friday, July 8, 2016",,24.59%
ETR,Entergy Corp,83.71,80.88,0.38,0.47%,80.92,79.65,1123500,"Friday, July 8, 2016",,-3.38%
EW,Edwards Lifesciences Corp,54.29,104.72,0.97,0.93%,105.42,103.5,1330800,"Friday, July 8, 2016",,92.89%
EXC,Exelon Corp,55.75,36.11,0.41,1.15%,36.14,35.37,4925200,"Friday, July 8, 2016",,-35.23%
EXPD,Expeditors Intl,33.1,49.92,0.66,1.34%,50.13,49.29,910000,"Friday, July 8, 2016",,50.82%
EXPE,Expedia Inc,8.21,109.43,1.86,1.73%,109.7,108.09,1661500,"Friday, July 8, 2016",,1232.89%
EXR,Extra Space Storage Inc,10.34,93.25,1.21,1.31%,93.6,91.52,1312300,"Friday, July 8, 2016",,801.84%
F,Ford Motor Company,2.3,13.09,0.34,2.67%,13.17,12.89,45938098,"Friday, July 8, 2016",,469.13%
FAST,Fastenal Co,35.08,45.23,0.51,1.14%,45.26,44.65,2539800,"Friday, July 8, 2016",,28.93%
FB,Facebook Inc,,117.24,1.39,1.20%,117.5,115.85,18135301,"Friday, July 8, 2016",,
FBHS,Fortune Brands Home & Security,,60.21,1.43,2.43%,60.32,59,1544100,"Friday, July 8, 2016",,
FCX,Freeport-Mcmoran Inc,24.88,11.2,0.53,4.97%,11.24,10.81,36032598,"Friday, July 8, 2016",,
FDX,Fedex Corp,64.16,156.22,3.62,2.37%,156.88,153.95,1743700,"Friday, July 8, 2016",,
FE,Firstenergy Corp,48.52,36.02,0.69,1.95%,36.04,35.01,3732500,"Friday, July 8, 2016",,
FFIV,F5 Networks Inc,22.85,117.13,3.36,2.95%,117.2,114.47,761800,"Friday, July 8, 2016",,
FIS,Fidelity National Information Services,16.36,76.03,1.27,1.70%,76.18,75,2184100,"Friday, July 8, 2016",,
FISV,Fiserv Inc,36.04,109.69,1.26,1.16%,109.93,109.06,1296900,"Friday, July 8, 2016",,
FITB,Fifth Third Bncp,8.24,17.25,0.3,1.77%,17.45,17.19,7059800,"Friday, July 8, 2016",,
FL,Footlocker Inc,7.43,57.41,2.06,3.72%,57.52,55.89,2836000,"Friday, July 8, 2016",,
FLIR,Flir Systems Inc,30.34,31.8,0.36,1.15%,31.87,31.55,411100,"Friday, July 8, 2016",,
FLR,Fluor Corp,45.88,51.57,1.52,3.04%,51.7,50.78,824400,"Friday, July 8, 2016",,
FLS,Flowserve Corp,52.98,45.79,0.84,1.87%,45.96,45.44,2985500,"Friday, July 8, 2016",,
FMC,FMC Corp,44.99,46.48,1.68,3.75%,46.63,45.43,1023300,"Friday, July 8, 2016",,
FOX,21St Centry Fox Class B,9.56,28,0.74,2.71%,28.01,27.45,1911800,"Friday, July 8, 2016",,
FOXA,21St Centry Fox Class A,9.07,27.7,0.77,2.86%,27.75,27.15,8527101,"Friday, July 8, 2016",,
FRT,Federal Realty Investment Trust,62.37,167.81,1.51,0.91%,167.89,166.28,343500,"Friday, July 8, 2016",,
FSLR,First Solar Inc,137,45.6,1.26,2.84%,45.76,44.65,3572300,"Friday, July 8, 2016",,
FTI,FMC Technologies,23.99,26.36,0.55,2.13%,26.57,26.1,1824300,"Friday, July 8, 2016",,
FTR,Frontier Commun Cp,8.81,4.97,0.06,1.22%,5.04,4.91,13103700,"Friday, July 8, 2016",,
GD,General Dynamics Corp,57.76,140.48,1.79,1.29%,140.8,139.1,2033800,"Friday, July 8, 2016",,
GE,General Electric Company,16.51,32.2,0.38,1.19%,32.27,31.99,38529398,"Friday, July 8, 2016",,
GGP,General Growth Properties,1.31,30.98,0.94,3.13%,30.98,30.18,4221100,"Friday, July 8, 2016",,
GILD,Gilead Sciences Inc,50.9,86.55,1.08,1.26%,86.93,85.73,7628700,"Friday, July 8, 2016",,
GIS,General Mills,60.93,72.46,0.44,0.61%,72.48,71.56,4234100,"Friday, July 8, 2016",,
GLW,Corning Inc,9.6,20.91,0.49,2.40%,20.92,20.57,5830000,"Friday, July 8, 2016",,
GM,General Motors Company,,29.66,0.92,3.20%,29.87,29.27,16659400,"Friday, July 8, 2016",,
GOOG,Alphabet Class C,308.6,705.63,10.27,1.48%,705.71,696.43,1575000,"Friday, July 8, 2016",,
GOOGL,Alphabet Class A,308.6,717.78,10.52,1.49%,717.9,708.11,1497200,"Friday, July 8, 2016",,
GPC,Genuine Parts Company,38.1,104.97,2.03,1.97%,105.02,103.41,489600,"Friday, July 8, 2016",,
GPN,Global Payments Inc,32.93,73.54,1.74,2.42%,73.64,72.15,1013400,"Friday, July 8, 2016",,
GPS,Gap Inc,13.71,22.7,1.07,4.95%,23.21,22.61,13624100,"Friday, July 8, 2016",,
GRMN,Garmin Ltd,19,43.37,0.78,1.83%,43.44,42.78,894600,"Friday, July 8, 2016",,
GS,Goldman Sachs Group,84.02,150.38,3.38,2.30%,150.92,148.31,3281400,"Friday, July 8, 2016",,
GT,Goodyear Tire Rubber,6.04,26.53,0.91,3.55%,26.74,25.89,4147500,"Friday, July 8, 2016",,
GWW,W.W. Grainger,78.85,230.47,5.03,2.23%,230.82,226.88,475800,"Friday, July 8, 2016",,
HAL,Halliburton Company,18.18,45.03,1.48,3.40%,45.32,44.14,10482000,"Friday, July 8, 2016",,
HAR,Harman International Industries Inc,16.85,73.75,2.34,3.28%,74.46,72.39,963200,"Friday, July 8, 2016",,
HAS,Hasbro Inc,29.36,84.71,1.6,1.93%,84.94,83.18,3082800,"Friday, July 8, 2016",,
HBAN,Huntington Bcshs,7.88,8.72,0.14,1.63%,8.84,8.68,14223801,"Friday, July 8, 2016",,
HBI,Hanesbrands Inc,12.96,26.27,0.76,2.98%,26.38,25.83,2699900,"Friday, July 8, 2016",,
HCA,Hca Holdings Inc. Common Stock,,78.21,1.22,1.58%,78.59,77.37,4021100,"Friday, July 8, 2016",,
HCN,Welltower Inc,42.32,75.62,0.78,1.04%,75.85,74.53,2291400,"Friday, July 8, 2016",,
HCP,HCP Inc,27.66,35.94,1.06,3.04%,35.94,34.99,4030100,"Friday, July 8, 2016",,
HD,Home Depot,23.07,134.34,3.18,2.42%,134.36,132.25,4806200,"Friday, July 8, 2016",,
HES,Hess Corp,53.91,56.81,0.33,0.58%,57.87,55.77,3259100,"Friday, July 8, 2016",,
HIG,Hartford Financial Services Group,16.68,43.58,0.86,2.01%,43.7,43.14,3485100,"Friday, July 8, 2016",,
HOG,Harley-Davidson Inc,17.25,48.73,0.91,1.90%,49.37,47.99,2700300,"Friday, July 8, 2016",,
HOLX,Hologic Inc,13.03,35.93,0.43,1.21%,36.03,35.52,1887600,"Friday, July 8, 2016",,
HON,Honeywell International Inc,32.93,118.84,2.73,2.35%,118.99,116.93,2524800,"Friday, July 8, 2016",,
HOT,Starwood Hotels & Resorts Worldwide,19.27,76.7,1.16,1.54%,76.83,75.74,984900,"Friday, July 8, 2016",,
HP,Helmerich & Payne,23.1,66.45,1.27,1.95%,66.98,65.44,1040600,"Friday, July 8, 2016",,
HPE,Hewlett Packard Enterprise Comp,,19.04,0.57,3.09%,19.04,18.58,10898500,"Friday, July 8, 2016",,
HPQ,Hewlett-Packard Company,36.25,13.08,0.23,1.79%,13.15,12.95,8603600,"Friday, July 8, 2016",,
HRB,H&R Block,23,23.59,0.09,0.38%,23.77,23.52,2753300,"Friday, July 8, 2016",,
HRL,Hormel Foods Corp,31.19,36.61,0.17,0.47%,36.71,36.29,3079500,"Friday, July 8, 2016",,
HRS,Harris Corp,38.6,84.2,1.93,2.35%,84.47,82.74,829500,"Friday, July 8, 2016",,
HSIC,Henry Schein Inc,36.51,180.72,2.74,1.54%,180.91,178.43,398800,"Friday, July 8, 2016",,
HST,Host Marriott Financial Trust,7.85,16.76,0.35,2.13%,17.01,16.58,9307200,"Friday, July 8, 2016",,
HSY,Hershey Foods Corp,35.11,110.7,0.66,0.60%,110.86,109.43,1113800,"Friday, July 8, 2016",,
HUM,Humana Inc,37.38,158.15,-4.59,-2.82%,164.1,157.26,5565400,"Friday, July 8, 2016",,
IBM,International Business Machines,83.89,154.46,1.86,1.22%,154.6,153.08,3040500,"Friday, July 8, 2016",,
ICE,Intercontinental Exchange,82.21,256.89,2.93,1.15%,258.55,254.25,469200,"Friday, July 8, 2016",,
IFF,International Flavors & Fragrances,30.19,129.53,1.98,1.55%,129.75,128.42,462800,"Friday, July 8, 2016",,
ILMN,Illumina Inc,26.05,141.25,1.19,0.85%,142.08,140.15,978100,"Friday, July 8, 2016",,
INTC,Intel Corp,14.69,34,0.8,2.41%,34,33.5,23341801,"Friday, July 8, 2016",,
INTU,Intuit Inc,23.79,115.48,1.23,1.08%,116.03,113.98,1507400,"Friday, July 8, 2016",,
IP,International Paper Company,11.86,42.75,0.85,2.03%,42.86,42.19,2274500,"Friday, July 8, 2016",,
IPG,Interpublic Group of Companies,4.05,23.73,0.44,1.89%,23.76,23.33,2952500,"Friday, July 8, 2016",,
IR,Ingersoll-Rand Plc [Ireland],17.72,65.74,1.22,1.89%,65.86,65.14,1216500,"Friday, July 8, 2016",,
IRM,Iron Mountain Inc,24.62,39.85,0.57,1.45%,40.09,39.25,3934100,"Friday, July 8, 2016",,
ISRG,Intuitive Surg Inc,126.38,678.84,3.54,0.52%,680.5,673.86,213800,"Friday, July 8, 2016",,
ITW,Illinois Tool Works Inc,35.15,108.36,2.44,2.30%,108.49,106.69,1630400,"Friday, July 8, 2016",,
IVZ,Invesco Plc,14.5,25.63,0.47,1.87%,25.9,25.49,5498200,"Friday, July 8, 2016",,
JBHT,J B Hunt Transport,26.29,85,2.56,3.11%,85.89,82.7,1140900,"Friday, July 8, 2016",,
JCI,Johnson Controls,18.22,43.84,1.07,2.50%,43.91,43.1,7572100,"Friday, July 8, 2016",,
JEC,Jacobs Engineering Group Inc,48.96,51.25,1.28,2.56%,51.36,50.3,548400,"Friday, July 8, 2016",,
JNJ,Johnson & Johnson,60.13,122.85,0.34,0.28%,123.1,121.96,6129400,"Friday, July 8, 2016",,
JNPR,Juniper Networks,17.35,22.66,0.71,3.23%,22.68,22.15,3597500,"Friday, July 8, 2016",,
JPM,JP Morgan Chase & Co,31.19,61.83,1.25,2.06%,62.17,61.33,16994100,"Friday, July 8, 2016",,
JWN,Nordstrom,13.34,40.32,1.17,2.99%,40.6,39.46,3937500,"Friday, July 8, 2016",,
K,Kellogg Company,43.98,82.64,0.37,0.45%,82.71,81.73,1805700,"Friday, July 8, 2016",,
KEY,Keycorp,8.49,11.09,0.15,1.37%,11.29,11.07,14107399,"Friday, July 8, 2016",,
KHC,Kraft Heinz Co Cmn,,89.85,0.54,0.60%,90.26,89.13,3703500,"Friday, July 8, 2016",,
KIM,Kimco Realty Corp,18.48,31.54,0.32,1.02%,31.6,31.16,2651000,"Friday, July 8, 2016",,
KLAC,K L A-Tencor Corp,21.51,73.75,1.51,2.09%,73.9,72.34,839200,"Friday, July 8, 2016",,
KMB,Kimberly-Clark Corp,53,135.96,1.74,1.30%,136.09,134.02,1519600,"Friday, July 8, 2016",,
KMI,Kinder Morgan,,18.54,0.14,0.76%,18.72,18.35,13043300,"Friday, July 8, 2016",,
KMX,Carmax Inc,7.87,52.67,2.23,4.42%,52.75,50.99,2457100,"Friday, July 8, 2016",,
KO,Coca-Cola Company,45.4,45.38,0.29,0.64%,45.52,45.07,11127000,"Friday, July 8, 2016",,
KORS,Michael Kors Holdings Ltd,,50.23,1.18,2.41%,50.33,49.48,2876800,"Friday, July 8, 2016",,
KR,Kroger Company,26.49,37.86,0.54,1.45%,37.88,37.5,5792400,"Friday, July 8, 2016",,
KSS,Kohl's Corp,36.32,39.29,1.04,2.72%,39.71,38.6,4706600,"Friday, July 8, 2016",,
KSU,Kansas City Southern,19.02,90.2,2.54,2.90%,90.42,88.6,793700,"Friday, July 8, 2016",,
L,Loews Corp,28.9,40.78,0.65,1.62%,40.82,40.43,761800,"Friday, July 8, 2016",,
LB,L Brands Inc,10.14,69.18,1.75,2.60%,69.84,68.28,2047500,"Friday, July 8, 2016",,
LEG,Leggett & Platt Inc,15.29,52.03,0.88,1.72%,52.03,51.36,713400,"Friday, July 8, 2016",,
LEN,Lennar Corp,8.6,49.16,1.67,3.52%,49.3,47.84,4492300,"Friday, July 8, 2016",,
LH,Laboratory Corporation of America Holdin,64.99,135.3,3.33,2.52%,135.63,132.41,1271500,"Friday, July 8, 2016",,
LKQ,LKQ Corp,11.07,33.09,1.12,3.50%,33.16,32.1,2379300,"Friday, July 8, 2016",,
LLL,L-3 Communications Holdings,74.72,149.72,2.92,1.99%,150.03,147.36,416800,"Friday, July 8, 2016",,
LLTC,Linear Technology,22.32,47.31,1.16,2.51%,47.31,46.24,1817000,"Friday, July 8, 2016",,
LLY,Eli Lilly and Company,40.38,79.66,0.34,0.43%,79.9,78.93,3134900,"Friday, July 8, 2016",,
LM,Legg Mason Inc,21.95,29.81,0.98,3.40%,29.94,29.43,1233900,"Friday, July 8, 2016",,
LMT,Lockheed Martin Corp,84.34,251.9,2.13,0.85%,252.3,248.5,1082800,"Friday, July 8, 2016",,
LNC,Lincoln National Corp,18.79,38.88,1.39,3.71%,39.3,38.36,3214000,"Friday, July 8, 2016",,
LNT,Alliant Energy Corp,29.28,40.55,0.7,1.76%,40.56,39.34,2592700,"Friday, July 8, 2016",,
LOW,Lowe's Companies,21.5,82.34,1.86,2.31%,82.42,80.98,5307000,"Friday, July 8, 2016",,
LRCX,Lam Research Corp,21.47,84.88,2.84,3.46%,85.28,82.63,2667100,"Friday, July 8, 2016",,
LUK,Leucadia National Corp,20.06,17.46,0.29,1.69%,17.55,17.25,2749900,"Friday, July 8, 2016",,
LUV,Southwest Airlines Company,8.61,40.54,0.69,1.73%,40.91,40.05,4747500,"Friday, July 8, 2016",,
LVLT,Level 3 Communications,0.69,52.73,1.52,2.97%,52.8,51.54,1575700,"Friday, July 8, 2016",,
LYB,Lyondellbasell Industries Nv,,76.74,2.22,2.98%,77.27,75.29,2928000,"Friday, July 8, 2016",,
M,Macy's Inc,10.44,34.36,0.75,2.23%,34.69,33.94,8148800,"Friday, July 8, 2016",,
MA,Mastercard Inc,144.1,88.56,0.75,0.85%,88.69,87.94,5621700,"Friday, July 8, 2016",,
MAC,Macerich Company,18.22,87.49,1.76,2.05%,87.54,86.28,810600,"Friday, July 8, 2016",,
MAR,Marriot Int Class A,19.52,69.85,1.49,2.18%,70.04,68.84,3686800,"Friday, July 8, 2016",,
MAS,Masco Corp,11.23,32.22,1.02,3.27%,32.3,31.44,4428800,"Friday, July 8, 2016",,
MAT,Mattel Inc,16.06,32.62,0.28,0.87%,32.77,32.44,2715200,"Friday, July 8, 2016",,
MCD,McDonald's Corp,62.38,121.31,0.39,0.32%,121.69,121.08,3809600,"Friday, July 8, 2016",,
MCHP,Microchip Technology,19.49,51.87,1.47,2.92%,51.93,50.77,1561000,"Friday, July 8, 2016",,
MCK,Mckesson Corp,38.85,192.79,1.59,0.83%,193.37,191.87,1491100,"Friday, July 8, 2016",,
MCO,Moody's Corp,20.66,96.73,2.5,2.65%,97.05,94.94,1007300,"Friday, July 8, 2016",,
MDLZ,Mondelez Intl Cmn A,26.93,46.1,0.93,2.06%,46.11,45.08,8490300,"Friday, July 8, 2016",,
MDT,Medtronic Inc,31.51,88.36,0.87,0.99%,88.56,87.52,4398400,"Friday, July 8, 2016",,
MET,Metlife Inc,35.27,39.2,0.93,2.43%,39.55,38.86,8550100,"Friday, July 8, 2016",,
MHK,Mohawk Industries,43.01,194.2,5,2.64%,195.78,191.23,420600,"Friday, July 8, 2016",,
MJN,Mead Johnson Nutrition Company,,89.36,1.43,1.63%,89.48,87.59,1679700,"Friday, July 8, 2016",,
MKC,Mccormick & Company Inc,32.18,106.96,1.05,0.99%,107.03,105.16,868300,"Friday, July 8, 2016",,
MLM,Martin Marietta Materials,98.75,196.7,1.35,0.69%,198.23,195.71,625100,"Friday, July 8, 2016",,
MMC,Marsh & Mclennan Companies,24.17,67.17,0.37,0.55%,67.37,66.74,7379600,"Friday, July 8, 2016",,
MMM,3M Company,57.55,177.12,2.25,1.29%,177.79,175.82,2726500,"Friday, July 8, 2016",,
MNK,Mallinckrodt Plc Ordinary Share,,62.29,0.82,1.33%,62.53,60.97,822400,"Friday, July 8, 2016",,
MNST,Monster Beverage Cp,33.02,161.5,0.38,0.24%,162.19,160.99,802500,"Friday, July 8, 2016",,
MO,Altria Group,15.18,69.83,0.53,0.76%,69.89,68.89,5339500,"Friday, July 8, 2016",,
MON,Monsanto Company,70.48,102.68,2.04,2.03%,103.19,100.8,3424300,"Friday, July 8, 2016",,
MOS,Mosaic Company,35.18,25.48,0.49,1.96%,25.6,24.99,4398600,"Friday, July 8, 2016",,
MPC,Marathon Petroleum Corp,,36.4,0.92,2.59%,36.87,35.43,5719300,"Friday, July 8, 2016",,
MRK,Merck & Company,30.46,59.35,0.57,0.97%,59.57,58.8,9479399,"Friday, July 8, 2016",,
MRO,Marathon Oil Corp,27.5,14.92,0.18,1.22%,15.17,14.68,17320100,"Friday, July 8, 2016",,
MS,Morgan Stanley,16.01,26.37,0.68,2.65%,26.43,26.03,14141600,"Friday, July 8, 2016",,
MSFT,Microsoft Corp,19.53,52.3,0.92,1.79%,52.36,51.55,28391000,"Friday, July 8, 2016",,
MSI,Motorola Solutions,4.45,66.38,1.33,2.04%,66.54,65.5,923500,"Friday, July 8, 2016",,
MTB,M&T Bank Corp,58.74,115.94,1.74,1.52%,116.74,115.38,711200,"Friday, July 8, 2016",,
MU,Micron Technology,2.65,12.62,0.42,3.44%,12.72,12.38,27954701,"Friday, July 8, 2016",,
MUR,Murphy Oil Corp,44.34,30.66,0.66,2.20%,31.04,29.83,3039600,"Friday, July 8, 2016",,
MYL,Mylan Nv Ord Shs,9.93,44.54,0.84,1.92%,44.79,43.8,2490600,"Friday, July 8, 2016",,
NAVI,Navient Cp Cmn,,12.69,0.54,4.44%,12.73,12.24,2544700,"Friday, July 8, 2016",,
NBL,Noble Energy Inc,49.52,35.98,-0.15,-0.42%,36.91,35.51,2996600,"Friday, July 8, 2016",,
NDAQ,Nasdaq Inc. Cmn Stk,24.48,65.88,0.96,1.48%,66.1,65.23,830100,"Friday, July 8, 2016",,
NEE,Nextera Energy,,129.93,1.6,1.25%,129.98,126.66,1989100,"Friday, July 8, 2016",,
NEM,Newmont Mining Corp,40.13,41.14,0.18,0.44%,41.39,40.21,10809600,"Friday, July 8, 2016",,
NFLX,Netflix Inc,29.52,97.06,1.96,2.06%,97.41,95.3,8334300,"Friday, July 8, 2016",,
NFX,Newfield Exploration Company,19.85,43.82,1.05,2.45%,43.94,42.59,1831400,"Friday, July 8, 2016",,
NI,NiSource Inc,11,26.13,0.09,0.35%,26.14,25.64,3961300,"Friday, July 8, 2016",,
NKE,Nike Inc,50.95,56.72,0.8,1.43%,56.82,56.09,8645300,"Friday, July 8, 2016",,
NLSN,Nielsen Holdings Plc,,52.87,0.62,1.19%,53.03,52.64,1656200,"Friday, July 8, 2016",,
NOC,Northrop Grumman Corp,45.71,221.97,1.47,0.67%,222.19,220.3,1796100,"Friday, July 8, 2016",,
NOV,National-Oilwell,24.54,32.59,0.9,2.84%,32.85,32.12,3235700,"Friday, July 8, 2016",,
NRG,NRG Energy,23.28,15.07,0.51,3.50%,15.07,14.68,3921300,"Friday, July 8, 2016",,
NSC,Norfolk Southern Corp,46.91,86.42,2.38,2.83%,86.94,84.67,2131400,"Friday, July 8, 2016",,
NTAP,Netapp Inc,14.01,24.54,0.6,2.51%,24.58,24.07,2521200,"Friday, July 8, 2016",,
NTRS,Northern Trust Corp,52,64.53,1.01,1.59%,65.4,64.17,1420600,"Friday, July 8, 2016",,
NUE,Nucor Corp,46.95,53.19,1.68,3.26%,53.32,51.88,3674000,"Friday, July 8, 2016",,
NVDA,Nvidia Corporation,8.07,50.85,1.96,4.01%,51.09,49.22,12046800,"Friday, July 8, 2016",,
NWL,Newell Rubbermaid Inc,9.8,48.86,0.75,1.56%,49.2,48.43,3488200,"Friday, July 8, 2016",,
NWS,News Cp Cl B Cmn ST,,12.04,0.26,2.21%,12.14,11.92,1173900,"Friday, July 8, 2016",,
NWSA,News Cp Cl A Cmn ST,,11.67,0.31,2.73%,11.72,11.44,5229800,"Friday, July 8, 2016",,
O,Realty Income Corp,23.26,69.91,0.77,1.11%,69.96,68.25,1957700,"Friday, July 8, 2016",,
OI,Owens-Illinois,27.29,17.44,0.5,2.95%,17.55,17.12,2113200,"Friday, July 8, 2016",,
OKE,Oneok Inc,29.23,47.36,0.37,0.79%,47.81,47.01,1920500,"Friday, July 8, 2016",,
OMC,Omnicom Group Inc,26.9,83.12,0.81,0.98%,83.26,82.49,1308700,"Friday, July 8, 2016",,
ORCL,Oracle Corp,17.64,40.87,0.34,0.84%,41.18,40.74,14235500,"Friday, July 8, 2016",,
ORLY,O'Reilly Automotive,30.59,280.61,5.33,1.94%,280.81,276.09,573000,"Friday, July 8, 2016",,
OXY,Occidental Petroleum Corp,60.61,76.13,0.68,0.90%,76.5,75.36,3804200,"Friday, July 8, 2016",,
PAYX,Paychex Inc,26.31,61.33,0.74,1.22%,61.49,60.73,2690300,"Friday, July 8, 2016",,
PBCT,People's United Finl,17.45,14.83,0.18,1.23%,14.97,14.61,3445100,"Friday, July 8, 2016",,
PBI,Pitney Bowes Inc,25.78,17.8,0.48,2.77%,17.83,17.51,1211500,"Friday, July 8, 2016",,
PCAR,Paccar Inc,28.61,52.12,1.37,2.70%,52.3,50.94,3447900,"Friday, July 8, 2016",,
PCG,Pacific Gas & Electric Co,38.49,64.83,0.43,0.67%,64.85,63.47,2813900,"Friday, July 8, 2016",,
PCLN,Priceline Group,74.27,1329.46,32.2,2.48%,1330.62,1304.22,712900,"Friday, July 8, 2016",,
PDCO,Patterson Companies,18.77,49.83,0.74,1.51%,49.85,49.19,696300,"Friday, July 8, 2016",,
PEG,Public Service Enterprise Group Inc,29,46.14,0.59,1.30%,46.15,45.05,2854500,"Friday, July 8, 2016",,
PEP,Pepsico Inc,54.93,108.27,0.78,0.73%,108.5,107.32,6051700,"Friday, July 8, 2016",,
PFE,Pfizer Inc,17.88,36.12,0.35,0.98%,36.19,35.7,17792000,"Friday, July 8, 2016",,
PFG,Principal Financial Group Inc,22.89,41.59,1.41,3.51%,41.68,40.94,1491900,"Friday, July 8, 2016",,
PG,Procter & Gamble Company,61.69,85.77,0.94,1.11%,85.9,84.77,6827300,"Friday, July 8, 2016",,
PGR,Progressive Corp,14.83,33.69,0.55,1.66%,33.74,33.1,3132100,"Friday, July 8, 2016",,
PH,Parker-Hannifin Corp,43.19,111.33,3.11,2.87%,111.39,109.28,1152900,"Friday, July 8, 2016",,
PHM,Pultegroup,11.09,20.48,0.51,2.55%,20.67,20.17,4054000,"Friday, July 8, 2016",,
PKI,Perkinelmer,13.93,53.95,1.36,2.59%,54.04,53.01,653800,"Friday, July 8, 2016",,
PLD,Prologis Inc,24,49.55,0.8,1.64%,49.6,49,2862200,"Friday, July 8, 2016",,
PM,Philip Morris International Inc,43.47,103.09,1.31,1.29%,103.16,101.75,3403800,"Friday, July 8, 2016",,
PNC,PNC Bank,48.49,80.62,1.13,1.42%,81.35,80.45,3745000,"Friday, July 8, 2016",,
PNR,Pentair Ltd,23.91,61.43,2.11,3.56%,61.54,59.73,1192700,"Friday, July 8, 2016",,
PNW,Pinnacle West Capital Corp,32.48,81.17,0.22,0.27%,81.19,79.97,1547100,"Friday, July 8, 2016",,
PPG,PPG Industries,42.45,106.32,3.29,3.19%,106.61,103.98,1649100,"Friday, July 8, 2016",,
PPL,PPL Corp,30.65,37.46,0.49,1.33%,37.48,36.66,3948300,"Friday, July 8, 2016",,
PRGO,Perrigo Company,32.4,93.73,0.65,0.70%,93.91,92.85,881900,"Friday, July 8, 2016",,
PRU,Prudential Financial Inflation Retail,30.29,70.99,1.95,2.82%,71.33,70,2057500,"Friday, July 8, 2016",,
PSA,Public Storage,79.5,257.34,3.56,1.40%,257.71,253.77,912700,"Friday, July 8, 2016",,
PSX,Phillips 66 Common Stock,,74.85,0.58,0.78%,75.47,74.06,4058200,"Friday, July 8, 2016",,
PVH,Phillips-Van Heusen Corp,20.64,97.32,2.41,2.54%,98.2,95.8,970400,"Friday, July 8, 2016",,
PWR,Quanta Services,19.91,24.36,0.7,2.96%,24.43,23.9,1897900,"Friday, July 8, 2016",,
PX,Praxair,59.77,114.74,2.9,2.59%,114.97,111.89,1024000,"Friday, July 8, 2016",,
PXD,Pioneer Natural Resources Co,16.37,153.72,4.49,3.01%,153.94,149.92,1911100,"Friday, July 8, 2016",,
PYPL,Paypal Holdings,,37.36,1.04,2.86%,37.46,36.66,6828800,"Friday, July 8, 2016",,
QCOM,Qualcomm Inc,35.65,54.19,1.26,2.38%,54.33,53.32,6853800,"Friday, July 8, 2016",,
QRVO,Qorvo Inc. Cmn,,56.02,1.65,3.03%,56.25,54.7,1084500,"Friday, July 8, 2016",,
R,Ryder System,39.53,64.64,2.52,4.06%,64.91,62.7,692400,"Friday, July 8, 2016",,
RAI,Reynolds American Inc,40.42,53.13,0.16,0.30%,53.17,52.48,4563400,"Friday, July 8, 2016",,
RCL,Royal Caribbean Cruises Ltd,13.93,68.38,1.59,2.38%,68.97,67.44,1683600,"Friday, July 8, 2016",,
REGN,Regeneron Pharmaceutical,18.42,378.35,6.9,1.86%,378.85,370.21,692800,"Friday, July 8, 2016",,
RF,Regions Financial Corp,8.12,8.44,0.19,2.30%,8.53,8.37,23632600,"Friday, July 8, 2016",,
RHI,Robert Half International Inc,21.09,38.66,0.88,2.33%,39.21,38.19,1445100,"Friday, July 8, 2016",,
RHT,Red Hat Inc,13.06,72.69,1.27,1.78%,72.92,71.91,1402500,"Friday, July 8, 2016",,
RIG,Transocean Inc,47.98,12.14,0.18,1.51%,12.27,11.76,15592399,"Friday, July 8, 2016",,
RL,Ralph Lauren Corp,46.65,93.25,1.49,1.62%,93.8,92.26,831000,"Friday, July 8, 2016",,
ROK,Rockwell Automation Inc,33,115.7,2.73,2.42%,115.95,113.76,691200,"Friday, July 8, 2016",,
ROP,Roper Industries,43.59,170.04,2.77,1.66%,170.57,168.62,399700,"Friday, July 8, 2016",,
ROST,Ross Stores Inc,29.77,58.19,1.63,2.88%,58.22,56.69,2466100,"Friday, July 8, 2016",,
RRC,Range Resources Corp,34.6,44.13,1.58,3.71%,44.91,43.36,3564600,"Friday, July 8, 2016",,
RSG,Republic Services,24.99,52.56,0.47,0.90%,52.66,51.95,1114300,"Friday, July 8, 2016",,
RTN,Raytheon Company,51.19,138.49,1.55,1.13%,138.67,136.64,1371300,"Friday, July 8, 2016",,
SBUX,Starbucks Corp,9.41,56.51,-0.4,-0.70%,57,56.36,12655000,"Friday, July 8, 2016",,
SCG,Scana Corp,35.65,75.08,0.85,1.15%,75.16,73.32,1125900,"Friday, July 8, 2016",,
SCHW,The Charles Schwab Corp,16.05,25.73,0.47,1.86%,26.11,25.61,15379900,"Friday, July 8, 2016",,
SE,Spectra Energy Corp,15.79,36.36,0.34,0.94%,36.5,36.14,3450900,"Friday, July 8, 2016",,
SEE,Sealed Air Corp,15.21,47.03,1.34,2.93%,47.16,46.21,1803800,"Friday, July 8, 2016",,
SHW,Sherwin-Williams Company,59.86,306.52,4.42,1.46%,307.96,303.7,625200,"Friday, July 8, 2016",,
SIG,Signet Jewelers Ltd,8.37,84.23,1.76,2.13%,84.71,82.47,984100,"Friday, July 8, 2016",,
SJM,J.M. Smucker Company,43,154.08,0.87,0.57%,154.48,152.84,883600,"Friday, July 8, 2016",,
SLB,Schlumberger N.V.,42.75,78.74,1.04,1.34%,78.97,78.12,4217300,"Friday, July 8, 2016",,
SLG,SL Green Realty Corp,25.74,105.98,3.42,3.33%,106.06,103.38,641400,"Friday, July 8, 2016",,
SNA,Snap-On Inc,39,160.16,2.91,1.85%,160.32,158.32,485000,"Friday, July 8, 2016",,
SNI,Scripps Ntwrks Int A,22,64.41,1.16,1.83%,64.65,63.21,935200,"Friday, July 8, 2016",,
SO,Southern Company,37,54.14,0.48,0.89%,54.17,52.95,5985800,"Friday, July 8, 2016",,
SPG,Simon Property Group,53.36,219.56,3.97,1.84%,219.75,216.03,1152800,"Friday, July 8, 2016",,
SPGI,S&P Global Inc,23.23,108.87,1.56,1.45%,109.3,108.23,1221000,"Friday, July 8, 2016",,
SPLS,Staples Inc,18.24,8.85,0.28,3.27%,8.88,8.61,6386200,"Friday, July 8, 2016",,
SRCL,Stericycle Inc,52.02,104.7,2.64,2.59%,104.78,102.49,477200,"Friday, July 8, 2016",,
SRE,Sempra Energy,42.73,114.11,1.05,0.93%,114.22,112.01,1386300,"Friday, July 8, 2016",,
STI,Suntrust Banks,29.95,41.44,0.74,1.82%,41.88,41.21,4554200,"Friday, July 8, 2016",,
STJ,St. Jude Medical,33.06,80.58,0.43,0.54%,80.82,80.14,1186600,"Friday, July 8, 2016",,
STT,State Street Corp,39.52,53.23,1.19,2.29%,53.42,52.88,2554000,"Friday, July 8, 2016",,
STX,Seagate Tech Ord Shs,4.55,24.01,0.28,1.18%,24.21,23.51,6370400,"Friday, July 8, 2016",,
STZ,Constellation Brands Inc,15.82,165.99,-0.02,-0.01%,167.28,165.25,1017000,"Friday, July 8, 2016",,
SWK,Stanley Black & Decker Inc,34.79,114.97,2,1.77%,115.36,113.83,1046700,"Friday, July 8, 2016",,
SWKS,Skyworks Solutions,5.55,62.91,2.02,3.32%,63.15,61.52,2299100,"Friday, July 8, 2016",,
SWN,Southwestern Energy Company,29.4,12.87,0.54,4.38%,13,12.48,24530299,"Friday, July 8, 2016",,
SYF,Synchrony Financial,,27.31,1.29,4.96%,27.48,27,12653000,"Friday, July 8, 2016",,
SYK,Stryker Corp,40.47,122.29,1.26,1.04%,122.4,121.07,1283000,"Friday, July 8, 2016",,
SYMC,Symantec Corporation,13.59,20.7,0.26,1.27%,20.88,20.44,7467200,"Friday, July 8, 2016",,
SYY,Sysco Corp,23.01,51.59,0.4,0.78%,51.7,51.16,5515000,"Friday, July 8, 2016",,
T,AT&T Inc,28.74,42.61,0.31,0.73%,42.69,41.7,28443699,"Friday, July 8, 2016",,
TAP,Molson Coors Brewing Company,48.71,102.56,2.71,2.71%,102.66,100.41,1566100,"Friday, July 8, 2016",,
TDC,Teradata Corp,14.99,25.94,0.71,2.81%,26.09,25.46,1122900,"Friday, July 8, 2016",,
TDG,Transdigm Group Inc,33.62,269.81,7.35,2.80%,270.08,264.23,610700,"Friday, July 8, 2016",,
TEL,Te Connectivity Ltd,16.49,57.53,1.11,1.97%,57.75,56.53,1496000,"Friday, July 8, 2016",,
TGNA,Tegna Inc,8.13,23.64,0.24,1.03%,23.96,23.61,1906300,"Friday, July 8, 2016",,
TGT,Target Corp,34.64,71.31,1.22,1.74%,71.57,70.46,4675100,"Friday, July 8, 2016",,
TIF,Tiffany & Co,23.93,61.35,1.82,3.06%,61.43,59.73,1869100,"Friday, July 8, 2016",,
TJX,Tjx Companies,20.41,78.96,1.69,2.19%,79,77.71,2862200,"Friday, July 8, 2016",,
TMK,Torchmark Corp,45.45,61.32,0.78,1.29%,61.39,60.85,715200,"Friday, July 8, 2016",,
TMO,Thermo Fisher Scientific Inc,34.21,152.69,3.63,2.44%,153.42,150.36,1153700,"Friday, July 8, 2016",,
TRIP,Tripadvisor Inc,,67.13,1.52,2.32%,67.46,66.08,1495800,"Friday, July 8, 2016",,
TROW,T Rowe Price Group,35.43,73.24,1.65,2.30%,73.29,72.6,1357800,"Friday, July 8, 2016",,
TRV,The Travelers Companies Inc,45.26,118.08,0.57,0.49%,118.43,117.55,1197300,"Friday, July 8, 2016",,
TSCO,Tractor Supply Co,36.89,93.69,1.4,1.52%,93.92,92.3,919100,"Friday, July 8, 2016",,
TSN,Tyson Foods,8.81,68.92,1.26,1.86%,68.96,67.56,2405800,"Friday, July 8, 2016",,
TSO,Tesoro Petroleum Corp,13.05,72.72,2.71,3.87%,73.4,70.21,2480900,"Friday, July 8, 2016",,
TSS,Total System Services,14,54.01,1.4,2.66%,54.05,52.89,911900,"Friday, July 8, 2016",,
TWX,Time Warner Inc,10.06,77.96,1.85,2.43%,78.11,76.5,5302900,"Friday, July 8, 2016",,
TXN,Texas Instruments,15.5,63.27,1.5,2.43%,63.28,62.05,5345200,"Friday, July 8, 2016",,
TXT,Textron Inc,14.05,36.99,1.28,3.58%,37,36.33,1971200,"Friday, July 8, 2016",,
TYC,Tyco International Ltd,22.1,42.77,1.04,2.49%,42.83,40.32,4984100,"Friday, July 8, 2016",,
UA,Under Armour,24.07,40.43,-0.09,-0.22%,40.84,40.13,5008700,"Friday, July 8, 2016",,
UA.C,Under Armour Inc. Class C Comm,,36.78,-0.1,-0.27%,37.1,36.37,700200,"Friday, July 8, 2016",,
UAL,United Continental Holdings,11.08,41.48,1.39,3.47%,41.73,40.7,5261000,"Friday, July 8, 2016",,
UDR,United Dominion Realty Trust,14.25,37.09,0.48,1.31%,37.22,36.76,1580800,"Friday, July 8, 2016",,
UHS,Universal Health Services,37.72,137.16,2.42,1.80%,137.39,135.4,536400,"Friday, July 8, 2016",,
ULTA,Ulta Salon Cosmetic,8.31,250.82,3.53,1.43%,253.11,247.51,742500,"Friday, July 8, 2016",,
UNH,Unitedhealth Group Inc,26.7,141.27,0.47,0.33%,141.78,139.55,3605500,"Friday, July 8, 2016",,
UNM,Unumprovident Corp,18.45,31.2,0.72,2.36%,31.35,30.84,2075100,"Friday, July 8, 2016",,
UNP,Union Pacific Corp,47.93,90.69,2.66,3.02%,91.29,88.47,6448300,"Friday, July 8, 2016",,
UPS,United Parcel Service,55.32,109.52,1.67,1.55%,109.85,108.44,2445700,"Friday, July 8, 2016",,
URBN,Urban Outfitters Inc,,29.09,1.03,3.67%,29.17,28.26,1699300,"Friday, July 8, 2016",,
URI,United Rentals,,67.44,2.81,4.35%,67.6,65.59,1274600,"Friday, July 8, 2016",,
USB,U.S. Bancorp,,40.09,0.86,2.19%,40.26,39.84,6015100,"Friday, July 8, 2016",,
UTX,United Technologies Corp,,103.66,1.69,1.66%,103.74,102.57,3502900,"Friday, July 8, 2016",,
V,Visa Inc,,76.42,1.91,2.56%,76.55,74.79,10974699,"Friday, July 8, 2016",,
VAR,Varian Medical Systems,,84.99,1.17,1.40%,85.09,84.06,564700,"Friday, July 8, 2016",,
VFC,V.F. Corp,,64.05,1.31,2.09%,64.4,63.22,1751900,"Friday, July 8, 2016",,
VIAB,Viacom Inc Cl B,,45.2,2.16,5.02%,45.35,43.43,5876000,"Friday, July 8, 2016",,
VLO,Valero Energy Corp,,47.73,0.49,1.04%,48.42,46.88,9573500,"Friday, July 8, 2016",,
VMC,Vulcan Materials Company,,123.61,1.8,1.48%,124.28,122.14,1323800,"Friday, July 8, 2016",,
VNO,Vornado Realty Trust,,100.46,2.58,2.64%,100.65,98.69,1308100,"Friday, July 8, 2016",,
VRSK,Verisk Analytics Inc,,83.4,1.55,1.89%,83.4,82.07,659900,"Friday, July 8, 2016",,
VRSN,Verisign Inc,,85.6,2.2,2.64%,85.83,83.6,1320000,"Friday, July 8, 2016",,
VRTX,Vertex Pharmaceutic,,88.96,-1.09,-1.21%,90.43,88.65,1794200,"Friday, July 8, 2016",,
VTR,Ventas Inc,,72.63,0.48,0.67%,72.97,72,2635200,"Friday, July 8, 2016",,
VZ,Verizon Communications Inc,,55.9,0.52,0.94%,56.03,55.01,15946101,"Friday, July 8, 2016",,
WAT,Waters Corp,,146.53,4.06,2.85%,146.96,143.61,485400,"Friday, July 8, 2016",,
WBA,Walgreens Boots Alliance,,81.8,1.3,1.61%,81.8,80.63,5973400,"Friday, July 8, 2016",,
WDC,Western Digital Cp,,49.35,1.69,3.55%,49.42,47.51,7267200,"Friday, July 8, 2016",,
WEC,Wisconsin Energy Corp,,65.03,0.65,1.01%,65.05,63.52,2005000,"Friday, July 8, 2016",,
WFC,Wells Fargo & Company,,47.79,0.99,2.12%,47.92,47.45,19775602,"Friday, July 8, 2016",,
WFM,Whole Foods Market,,33.58,0.3,0.90%,33.86,33.42,4416000,"Friday, July 8, 2016",,
WHR,Whirlpool Corp,,171.38,3.5,2.08%,172.66,168.54,721300,"Friday, July 8, 2016",,
WLTW,Willis Towers Wts Cm,,125.06,0.62,0.50%,126.04,124.6,692700,"Friday, July 8, 2016",,
WM,Waste Management,,67.61,0.32,0.48%,67.97,67.35,2039100,"Friday, July 8, 2016",,
WMB,Williams Companies,,20.99,0.64,3.14%,21.12,20.44,7719500,"Friday, July 8, 2016",,
WMT,Wal-Mart Stores,,73.84,0.31,0.42%,73.85,73.24,9127300,"Friday, July 8, 2016",,
WRK,Westrock Company Common Stock W,,38.55,1.39,3.74%,38.64,37.71,1575700,"Friday, July 8, 2016",,
WU,Western Union Company,,19.57,0.57,3.00%,19.58,19.15,3248800,"Friday, July 8, 2016",,
WY,Weyerhaeuser Company,,30.67,0.53,1.76%,30.89,30.34,5302700,"Friday, July 8, 2016",,
WYN,Wyndham Worldwide Corp,,72.35,1.34,1.89%,72.47,71.56,887700,"Friday, July 8, 2016",,
WYNN,Wynn Resorts Limited,,89.75,0.79,0.89%,90.74,89.2,2006400,"Friday, July 8, 2016",,
XEC,Cimarex Energy Co,,118.43,3.65,3.18%,119.12,115.25,953900,"Friday, July 8, 2016",,
XEL,Xcel Energy Inc,,44.59,0.27,0.61%,44.61,43.68,4825900,"Friday, July 8, 2016",,
XL,XL Company Switzerland Gmbh,,33.01,0.39,1.20%,33.13,32.83,1925100,"Friday, July 8, 2016",,
XLNX,Xilinx Inc,,46.97,1.26,2.76%,46.99,45.9,1770400,"Friday, July 8, 2016",,
XOM,Exxon Mobil Corp,,93.54,0.58,0.62%,93.78,92.92,9807600,"Friday, July 8, 2016",,
XRAY,Dentsply Sirona Inc,,63.39,0.89,1.42%,63.44,62.56,1428100,"Friday, July 8, 2016",,
XRX,Xerox Corp,,9.54,0.16,1.71%,9.6,9.46,4601400,"Friday, July 8, 2016",,
XYL,Xylem Inc. Common Stock New Whe,,46.41,0.78,1.71%,46.5,45.93,1109000,"Friday, July 8, 2016",,
YHOO,Yahoo! Inc,,37.74,0.22,0.59%,37.84,37.06,8784700,"Friday, July 8, 2016",,
YUM,Yum! Brands,,85.76,1.45,1.72%,86.4,84.86,4040100,"Friday, July 8, 2016",,
ZBH,Zimmer Biomet Holdings,,124.89,2.87,2.35%,124.98,121.89,1370300,"Friday, July 8, 2016",,
ZION,Zions Bancorporation,,24.74,0.33,1.35%,25.12,24.55,4748800,"Friday, July 8, 2016",,
ZTS,Zoetis Inc. Class A Common Stoc,,48.5,0.81,1.70%,48.61,47.79,2851900,"Friday, July 8, 2016",,